activity_id,viewer_id,movie_id,watch_date,minutes_watched,completed,device
a1,v18,m3,2025-05-23,58.6,0,Web
a2,v138,m4,2025-06-19,92.5,1,TV
a3,v46,m3,2025-10-25,125.9,1,Mobile
a4,v81,m3,2025-08-12,86.7,1,Web
a5,v99,m1,2025-10-23,59.3,0,TV
a6,v112,m6,2025-01-01,57.9,0,Web
a7,v51,m6,2025-07-06,50.6,0,Web
a8,v81,m3,2025-12-06,113.3,1,Web
a9,v130,m3,2025-06-08,93.4,1,Mobile
a10,v50,m2,2025-08-04,135.1,1,Mobile
a11,v45,m6,2025-11-12,62.0,0,Mobile
a12,v1,m5,2025-06-05,51.6,0,Mobile
a13,v149,m7,2025-11-07,92.0,1,Mobile
a14,v114,m4,2025-12-12,32.6,0,Mobile
a15,v44,m7,2025-12-04,29.3,0,Web
a16,v61,m1,2025-12-11,78.5,0,TV
a17,v7,m2,2025-01-24,68.1,0,Mobile
a18,v19,m5,2025-08-22,65.6,0,Web
a19,v50,m5,2025-12-23,62.2,0,Mobile
a20,v38,m2,2025-12-02,138.7,1,TV
a21,v109,m7,2025-04-23,39.3,0,Web
a22,v32,m2,2025-08-22,50.3,0,Mobile
a23,v136,m6,2025-10-14,64.1,0,Mobile
a24,v130,m5,2025-08-07,111.4,1,Web
a25,v41,m4,2025-09-01,52.1,0,TV
a26,v71,m7,2025-09-24,73.3,0,TV
a27,v113,m3,2025-02-09,98.5,1,TV
a28,v21,m5,2025-03-12,36.6,0,Mobile
a29,v40,m6,2025-12-28,32.7,0,Mobile
a30,v85,m4,2025-10-05,53.4,0,TV
a31,v108,m2,2025-07-19,173.3,1,Web
a32,v6,m6,2025-10-22,46.4,0,TV
a33,v77,m3,2025-07-19,113.9,1,Mobile
a34,v57,m7,2025-09-07,44.1,0,Mobile
a35,v8,m4,2025-07-19,42.7,0,Web
a36,v104,m7,2025-03-26,112.5,1,TV
a37,v137,m5,2025-01-14,119.8,1,Web
a38,v7,m5,2025-02-12,90.7,1,TV
a39,v119,m7,2025-04-04,25.5,0,Mobile
a40,v98,m3,2025-05-23,102.7,1,Mobile
a41,v21,m3,2025-08-29,22.1,0,Web
a42,v90,m1,2025-04-25,132.7,1,Web
a43,v8,m1,2025-05-07,60.8,0,TV
a44,v40,m5,2025-05-03,33.9,0,Web
a45,v145,m1,2025-04-22,103.2,1,Mobile
a46,v30,m5,2025-03-25,126.1,1,TV
a47,v7,m5,2025-06-09,83.3,0,Mobile
a48,v51,m4,2025-02-08,63.8,0,Web
a49,v27,m2,2025-12-23,152.2,1,Web
a50,v31,m5,2025-10-17,106.1,1,Mobile
a51,v110,m5,2025-12-05,60.8,0,Web
a52,v126,m4,2025-02-24,50.8,0,Mobile
a53,v118,m6,2025-12-29,27.6,0,TV
a54,v134,m6,2025-11-30,37.3,0,Web
a55,v124,m7,2025-08-27,67.9,0,Web
a56,v69,m5,2025-06-15,113.7,1,TV
a57,v116,m3,2025-05-05,102.6,1,Web
a58,v127,m1,2025-06-16,58.0,0,TV
a59,v67,m3,2025-06-24,50.8,0,Web
a60,v71,m6,2025-10-12,15.8,0,TV
a61,v62,m1,2025-07-28,106.9,1,TV
a62,v122,m6,2025-11-27,73.7,0,Mobile
a63,v5,m7,2025-02-17,52.4,0,Mobile
a64,v95,m5,2025-08-31,80.9,0,Mobile
a65,v141,m4,2025-06-19,44.0,0,Mobile
a66,v79,m3,2025-05-09,45.4,0,Web
a67,v81,m2,2025-03-03,147.5,1,Web
a68,v50,m2,2025-04-21,146.8,1,Mobile
a69,v135,m6,2025-11-02,38.3,0,TV
a70,v46,m3,2025-06-04,21.6,0,Web
a71,v71,m2,2025-01-24,184.4,1,Web
a72,v33,m3,2025-11-23,115.5,1,Mobile
a73,v4,m1,2025-10-21,74.4,0,Mobile
a74,v88,m4,2025-04-05,94.7,1,Mobile
a75,v123,m7,2025-02-28,110.4,1,Mobile
a76,v14,m6,2025-03-19,27.3,0,Web
a77,v22,m3,2025-05-08,33.0,0,Mobile
a78,v58,m5,2025-09-25,61.8,0,Mobile
a79,v110,m3,2025-06-06,82.5,0,TV
a80,v26,m5,2025-04-17,88.8,1,Mobile
a81,v21,m6,2025-03-22,34.8,0,Web
a82,v121,m4,2025-05-30,17.7,0,Mobile
a83,v73,m6,2025-12-26,85.9,1,TV
a84,v60,m6,2025-05-16,80.0,0,Web
a85,v51,m5,2025-08-06,32.6,0,TV
a86,v39,m6,2025-05-17,83.2,0,TV
a87,v43,m1,2025-06-07,123.9,1,Web
a88,v78,m4,2025-12-25,48.2,0,Mobile
a89,v139,m5,2025-09-10,68.2,0,Web
a90,v111,m1,2025-06-15,125.3,1,TV
a91,v59,m1,2025-12-12,162.3,1,Web
a92,v6,m5,2025-12-11,110.4,1,Web
a93,v45,m1,2025-08-29,111.8,1,Mobile
a94,v112,m5,2025-11-22,109.6,1,TV
a95,v90,m4,2025-07-29,42.5,0,Web
a96,v42,m1,2025-06-18,94.7,1,Mobile
a97,v103,m3,2025-10-09,24.0,0,TV
a98,v65,m3,2025-06-15,32.8,0,Mobile
a99,v132,m7,2025-01-01,92.3,1,Web
a100,v93,m5,2025-11-15,103.2,1,Web
a101,v14,m4,2025-04-15,37.0,0,TV
a102,v113,m3,2025-12-24,73.3,0,TV
a103,v62,m6,2025-12-30,28.1,0,Web
a104,v142,m1,2025-07-28,43.9,0,TV
a105,v31,m4,2025-11-28,83.7,0,Mobile
a106,v70,m6,2025-08-01,83.9,0,Mobile
a107,v117,m2,2025-10-10,52.1,0,TV
a108,v131,m5,2025-03-11,115.0,1,Mobile
a109,v107,m7,2025-06-24,122.8,1,Web
a110,v1,m3,2025-05-25,99.9,1,Web
a111,v126,m5,2025-03-18,69.1,0,Mobile
a112,v97,m5,2025-08-22,122.6,1,TV
a113,v62,m6,2025-10-20,46.6,0,Mobile
a114,v82,m1,2025-08-31,141.5,1,Mobile
a115,v39,m4,2025-09-11,94.6,1,TV
a116,v85,m5,2025-02-21,116.2,1,Mobile
a117,v135,m1,2025-08-22,31.4,0,TV
a118,v20,m2,2025-08-29,153.7,1,Mobile
a119,v102,m3,2025-11-29,28.8,0,Mobile
a120,v137,m7,2025-07-14,125.0,1,Web
a121,v125,m6,2025-10-05,18.0,0,TV
a122,v74,m2,2025-04-27,148.1,1,Mobile
a123,v26,m1,2025-08-16,55.5,0,Mobile
a124,v15,m7,2025-05-31,59.4,0,Mobile
a125,v63,m2,2025-09-29,94.7,1,Web
a126,v47,m7,2025-03-29,39.3,0,Web
a127,v98,m7,2025-11-14,95.1,1,Mobile
a128,v37,m5,2025-04-29,70.7,0,Mobile
a129,v66,m4,2025-12-08,15.8,0,Mobile
a130,v19,m2,2025-08-15,179.8,1,Web
a131,v109,m3,2025-12-20,47.5,0,Mobile
a132,v99,m2,2025-09-05,46.0,0,Mobile
a133,v92,m5,2025-10-22,52.5,0,Web
a134,v6,m3,2025-12-04,63.5,0,TV
a135,v13,m5,2025-11-07,102.0,1,Mobile
a136,v91,m7,2025-04-23,90.0,1,Web
a137,v36,m3,2025-11-18,30.7,0,Web
a138,v11,m6,2025-06-08,80.1,0,TV
a139,v94,m5,2025-03-09,29.9,0,Mobile
a140,v107,m3,2025-03-31,42.1,0,Web
a141,v136,m3,2025-09-14,120.5,1,TV
a142,v76,m4,2025-06-23,81.3,0,Mobile
a143,v37,m1,2025-04-26,166.2,1,Web
a144,v102,m6,2025-10-13,45.2,0,Mobile
a145,v68,m1,2025-10-02,48.7,0,Mobile
a146,v68,m6,2025-10-27,46.4,0,Web
a147,v28,m3,2025-12-12,45.7,0,TV
a148,v57,m3,2025-11-28,27.0,0,Mobile
a149,v78,m6,2025-11-29,48.7,0,TV
a150,v10,m1,2025-06-05,187.9,1,TV
a151,v61,m1,2025-10-03,50.6,0,Mobile
a152,v139,m3,2025-08-03,84.6,0,Web
a153,v107,m2,2025-12-02,44.8,0,Mobile
a154,v9,m3,2025-12-20,60.8,0,Mobile
a155,v61,m4,2025-07-05,23.2,0,Web
a156,v140,m3,2025-11-27,59.5,0,Mobile
a157,v49,m3,2025-03-04,124.4,1,Mobile
a158,v55,m1,2025-11-25,131.0,1,TV
a159,v86,m1,2025-05-05,186.7,1,Web
a160,v54,m5,2025-10-28,43.8,0,TV
a161,v38,m3,2025-11-02,20.3,0,TV
a162,v139,m2,2025-05-09,156.4,1,TV
a163,v7,m6,2025-03-09,16.2,0,TV
a164,v83,m5,2025-01-09,39.2,0,TV
a165,v108,m2,2025-09-27,47.1,0,TV
a166,v28,m5,2025-08-20,75.4,0,Web
a167,v134,m1,2025-06-04,102.1,1,TV
a168,v123,m1,2025-07-25,97.0,1,TV
a169,v114,m4,2025-02-07,89.2,1,Mobile
a170,v38,m5,2025-02-03,33.9,0,Web
a171,v150,m6,2025-10-08,73.8,0,Mobile
a172,v130,m4,2025-11-06,50.5,0,Web
a173,v142,m1,2025-04-21,97.6,1,TV
a174,v87,m4,2025-08-21,47.9,0,Web
a175,v81,m1,2025-08-07,78.8,0,Mobile
a176,v40,m3,2025-12-18,121.5,1,TV
a177,v22,m1,2025-02-17,97.9,1,Web
a178,v16,m5,2025-10-28,125.2,1,Web
a179,v32,m3,2025-07-30,58.9,0,Web
a180,v109,m7,2025-01-27,126.5,1,Web
a181,v91,m3,2025-02-23,83.6,0,TV
a182,v124,m2,2025-04-25,164.1,1,Mobile
a183,v143,m7,2025-07-08,32.6,0,Mobile
a184,v144,m7,2025-11-15,87.5,1,Web
a185,v7,m5,2025-11-08,122.2,1,Web
a186,v8,m3,2025-04-03,50.1,0,Mobile
a187,v90,m3,2025-01-04,40.0,0,TV
a188,v103,m5,2025-02-05,35.6,0,Web
a189,v24,m1,2025-09-29,63.3,0,Mobile
a190,v84,m3,2025-10-18,85.6,1,TV
a191,v41,m2,2025-11-13,36.9,0,TV
a192,v114,m3,2025-12-05,66.6,0,Web
a193,v107,m4,2025-05-20,32.8,0,Web
a194,v89,m1,2025-08-09,46.7,0,Web
a195,v125,m6,2025-09-27,70.0,0,TV
a196,v2,m1,2025-04-15,77.1,0,TV
a197,v36,m7,2025-05-11,51.8,0,TV
a198,v128,m1,2025-08-09,57.0,0,Mobile
a199,v59,m5,2025-09-14,81.5,0,Web
a200,v91,m7,2025-02-06,63.7,0,Web
a201,v112,m1,2025-01-10,102.3,1,TV
a202,v104,m5,2025-12-30,90.4,1,Mobile
a203,v104,m1,2025-01-11,183.1,1,TV
a204,v118,m7,2025-12-20,121.2,1,TV
a205,v28,m4,2025-05-05,50.9,0,Mobile
a206,v21,m5,2025-07-22,115.8,1,Web
a207,v57,m3,2025-06-20,105.7,1,TV
a208,v50,m5,2025-06-28,58.6,0,Web
a209,v38,m7,2025-05-01,31.3,0,Mobile
a210,v45,m2,2025-11-05,53.4,0,Web
a211,v46,m1,2025-11-18,107.8,1,Web
a212,v149,m7,2025-08-18,94.9,1,Web
a213,v83,m6,2025-11-18,41.1,0,Mobile
a214,v71,m3,2025-10-30,26.2,0,Web
a215,v80,m1,2025-08-25,101.1,1,TV
a216,v74,m3,2025-02-09,90.9,1,TV
a217,v130,m5,2025-07-16,70.9,0,Web
a218,v11,m7,2025-08-19,120.0,1,Web
a219,v49,m6,2025-06-14,64.9,0,Web
a220,v88,m1,2025-02-13,109.5,1,TV
a221,v64,m1,2025-12-29,98.8,1,Mobile
a222,v134,m5,2025-11-09,37.5,0,Mobile
a223,v100,m3,2025-07-29,105.2,1,Web
a224,v14,m5,2025-11-20,91.2,1,TV
a225,v25,m3,2025-10-13,94.6,1,Mobile
a226,v39,m5,2025-06-20,29.0,0,Web
a227,v90,m2,2025-06-08,183.3,1,Web
a228,v101,m6,2025-03-08,64.1,0,TV
a229,v144,m3,2025-07-12,90.8,1,Mobile
a230,v33,m7,2025-12-10,97.3,1,Web
a231,v135,m6,2025-02-17,68.3,0,Mobile
a232,v47,m3,2025-04-20,57.6,0,Mobile
a233,v58,m2,2025-03-12,53.7,0,Mobile
a234,v26,m7,2025-09-17,104.8,1,Web
a235,v10,m5,2025-12-05,57.0,0,Web
a236,v97,m2,2025-03-20,54.9,0,Web
a237,v43,m7,2025-08-13,24.8,0,Mobile
a238,v73,m4,2025-08-18,34.3,0,TV
a239,v121,m3,2025-04-10,60.5,0,Web
a240,v119,m4,2025-05-25,79.2,0,Web
a241,v108,m5,2025-03-24,109.9,1,Web
a242,v65,m2,2025-01-27,131.3,1,Mobile
a243,v27,m5,2025-12-31,113.0,1,TV
a244,v116,m3,2025-09-20,36.2,0,Mobile
a245,v57,m1,2025-08-19,170.1,1,TV
a246,v14,m4,2025-07-22,56.4,0,TV
a247,v21,m4,2025-07-11,33.5,0,Mobile
a248,v86,m1,2025-03-16,50.9,0,Mobile
a249,v121,m7,2025-12-23,111.4,1,Web
a250,v5,m1,2025-05-12,63.4,0,TV
a251,v136,m5,2025-08-05,32.2,0,Mobile
a252,v78,m2,2025-03-04,36.6,0,Mobile
a253,v118,m6,2025-02-02,24.1,0,Mobile
a254,v138,m5,2025-01-09,89.5,1,Web
a255,v37,m2,2025-05-30,97.5,1,Web
a256,v22,m2,2025-09-26,184.5,1,TV
a257,v140,m5,2025-09-17,106.5,1,Web
a258,v6,m5,2025-07-19,116.1,1,TV
a259,v100,m6,2025-07-11,35.9,0,TV
a260,v18,m3,2025-06-26,46.5,0,Web
a261,v27,m6,2025-10-25,75.7,0,Mobile
a262,v45,m3,2025-12-17,71.1,0,Web
a263,v47,m4,2025-03-11,20.2,0,Mobile
a264,v76,m1,2025-04-14,36.0,0,TV
a265,v81,m1,2025-06-08,111.2,1,Web
a266,v65,m4,2025-01-19,77.1,0,TV
a267,v92,m3,2025-01-25,115.2,1,Mobile
a268,v103,m4,2025-08-14,88.8,1,Mobile
a269,v48,m3,2025-09-12,96.1,1,Mobile
a270,v133,m7,2025-05-17,108.1,1,Web
a271,v21,m4,2025-08-09,64.7,0,TV
a272,v76,m5,2025-06-14,31.3,0,Mobile
a273,v76,m6,2025-06-06,51.8,0,Web
a274,v115,m3,2025-01-22,99.9,1,Mobile
a275,v112,m5,2025-05-21,90.3,1,TV
a276,v104,m1,2025-07-06,110.8,1,Web
a277,v41,m6,2025-01-16,26.8,0,Web
a278,v113,m6,2025-01-18,25.4,0,TV
a279,v94,m7,2025-07-05,62.1,0,Web
a280,v95,m4,2025-07-10,51.6,0,TV
a281,v36,m5,2025-09-29,60.4,0,Mobile
a282,v72,m6,2025-05-08,94.2,1,TV
a283,v48,m6,2025-09-13,57.7,0,Web
a284,v68,m1,2025-05-14,141.3,1,TV
a285,v74,m5,2025-12-22,120.8,1,Mobile
a286,v116,m1,2025-03-30,172.3,1,Mobile
a287,v82,m1,2025-12-08,84.4,0,TV
a288,v139,m5,2025-05-29,118.0,1,TV
a289,v45,m6,2025-07-05,57.0,0,TV
a290,v36,m2,2025-05-02,155.1,1,TV
a291,v142,m3,2025-10-21,60.6,0,Web
a292,v80,m1,2025-07-23,188.4,1,Web
a293,v135,m4,2025-07-30,78.5,0,Web
a294,v33,m1,2025-06-12,131.5,1,Mobile
a295,v133,m4,2025-06-26,25.6,0,Web
a296,v47,m6,2025-03-08,50.7,0,TV
a297,v32,m7,2025-09-23,36.8,0,TV
a298,v89,m2,2025-09-23,171.7,1,TV
a299,v51,m3,2025-11-22,125.2,1,Mobile
a300,v78,m2,2025-11-11,114.1,1,Web
a301,v44,m6,2025-10-31,92.7,1,TV
a302,v87,m2,2025-10-16,35.6,0,TV
a303,v12,m1,2025-11-25,152.0,1,Mobile
a304,v8,m4,2025-09-12,88.3,1,Web
a305,v78,m3,2025-09-05,46.9,0,Web
a306,v77,m4,2025-08-21,21.0,0,TV
a307,v113,m2,2025-08-01,106.2,1,TV
a308,v37,m3,2025-06-10,114.8,1,Mobile
a309,v89,m6,2025-07-24,25.8,0,Mobile
a310,v120,m2,2025-03-04,71.7,0,TV
a311,v25,m2,2025-01-26,75.3,0,Mobile
a312,v108,m7,2025-05-08,125.9,1,TV
a313,v84,m7,2025-10-23,99.3,1,TV
a314,v41,m7,2025-09-13,129.6,1,Mobile
a315,v79,m4,2025-09-12,16.9,0,Mobile
a316,v150,m2,2025-06-30,36.8,0,Mobile
a317,v121,m4,2025-05-27,59.3,0,TV
a318,v35,m4,2025-05-16,75.0,0,Mobile
a319,v12,m3,2025-07-25,25.6,0,Web
a320,v93,m2,2025-10-11,75.0,0,Mobile
a321,v116,m5,2025-10-09,50.8,0,Web
a322,v101,m1,2025-07-11,155.8,1,Mobile
a323,v94,m5,2025-03-15,41.9,0,Web
a324,v129,m4,2025-01-21,18.7,0,TV
a325,v86,m6,2025-08-31,57.8,0,TV
a326,v132,m5,2025-03-13,56.1,0,Web
a327,v42,m3,2025-07-21,129.0,1,Web
a328,v131,m5,2025-09-30,73.9,0,Web
a329,v122,m3,2025-01-09,60.5,0,Web
a330,v107,m1,2025-10-26,78.1,0,Web
a331,v7,m7,2025-11-02,72.2,0,Web
a332,v149,m7,2025-10-23,45.0,0,TV
a333,v123,m5,2025-03-29,77.7,0,Web
a334,v63,m2,2025-01-17,120.3,1,Web
a335,v49,m1,2025-01-10,99.3,1,Mobile
a336,v106,m2,2025-12-20,61.5,0,Web
a337,v121,m7,2025-02-01,97.6,1,Web
a338,v144,m2,2025-06-16,188.2,1,Mobile
a339,v97,m5,2025-06-10,125.2,1,Mobile
a340,v68,m3,2025-11-09,73.3,0,TV
a341,v143,m3,2025-06-02,44.7,0,Mobile
a342,v74,m7,2025-12-27,42.8,0,Web
a343,v82,m4,2025-09-03,43.8,0,Web
a344,v74,m3,2025-03-04,83.1,0,Web
a345,v102,m4,2025-06-26,93.8,1,TV
a346,v21,m6,2025-06-27,91.2,1,Web
a347,v123,m3,2025-04-20,42.2,0,Web
a348,v144,m3,2025-12-23,49.9,0,TV
a349,v62,m5,2025-05-05,25.6,0,Web
a350,v60,m2,2025-01-27,45.0,0,Mobile
a351,v121,m6,2025-02-21,71.2,0,TV
a352,v105,m2,2025-12-01,178.1,1,Mobile
a353,v52,m4,2025-05-28,41.5,0,Web
a354,v23,m1,2025-11-30,120.6,1,Web
a355,v10,m6,2025-03-31,49.5,0,TV
a356,v102,m1,2025-09-11,58.7,0,Web
a357,v75,m7,2025-01-20,21.0,0,Web
a358,v73,m3,2025-08-21,128.8,1,Web
a359,v127,m5,2025-03-10,113.6,1,Mobile
a360,v50,m3,2025-02-27,56.4,0,Web
a361,v66,m4,2025-04-06,16.2,0,Mobile
a362,v76,m7,2025-10-18,94.2,1,TV
a363,v104,m2,2025-08-07,111.2,1,TV
a364,v123,m2,2025-06-15,178.3,1,TV
a365,v99,m3,2025-05-01,69.1,0,Mobile
a366,v78,m3,2025-10-26,99.5,1,TV
a367,v93,m3,2025-12-21,46.0,0,Web
a368,v120,m1,2025-06-07,54.5,0,Web
a369,v80,m5,2025-12-20,32.9,0,Mobile
a370,v123,m2,2025-03-20,101.6,1,Web
a371,v107,m3,2025-12-26,80.4,0,Mobile
a372,v138,m7,2025-12-07,110.8,1,TV
a373,v21,m6,2025-09-27,51.9,0,Web
a374,v20,m3,2025-10-16,32.3,0,Web
a375,v52,m5,2025-10-21,79.0,0,TV
a376,v53,m1,2025-10-26,107.0,1,Web
a377,v15,m4,2025-08-21,25.9,0,Mobile
a378,v145,m4,2025-01-30,61.1,0,Web
a379,v79,m7,2025-01-12,63.6,0,TV
a380,v56,m6,2025-10-24,21.0,0,Mobile
a381,v17,m3,2025-10-05,129.4,1,TV
a382,v105,m3,2025-04-03,104.6,1,Web
a383,v108,m6,2025-07-11,96.9,1,Mobile
a384,v97,m4,2025-07-12,21.6,0,Web
a385,v139,m7,2025-03-10,91.9,1,Mobile
a386,v46,m1,2025-10-03,91.7,1,TV
a387,v58,m6,2025-01-02,77.4,0,Mobile
a388,v137,m4,2025-07-14,82.9,0,TV
a389,v89,m4,2025-03-21,37.7,0,Web
a390,v29,m7,2025-01-17,109.0,1,Mobile
a391,v5,m5,2025-05-04,42.7,0,TV
a392,v9,m5,2025-08-17,85.8,1,Web
a393,v13,m7,2025-05-06,101.5,1,Mobile
a394,v15,m7,2025-03-13,75.4,0,Mobile
a395,v148,m2,2025-06-13,121.1,1,Web
a396,v83,m7,2025-05-02,53.2,0,TV
a397,v134,m6,2025-04-24,49.1,0,Mobile
a398,v143,m1,2025-10-30,169.3,1,TV
a399,v110,m6,2025-10-12,55.9,0,Mobile
a400,v135,m7,2025-06-13,96.6,1,Mobile
a401,v77,m2,2025-07-12,58.3,0,Web
a402,v62,m4,2025-04-26,39.8,0,Web
a403,v119,m2,2025-01-30,118.7,1,Mobile
a404,v136,m5,2025-03-10,62.7,0,Mobile
a405,v85,m2,2025-11-28,41.6,0,Mobile
a406,v49,m6,2025-01-27,37.1,0,Web
a407,v11,m5,2025-02-07,40.7,0,Web
a408,v144,m6,2025-04-22,54.6,0,Mobile
a409,v4,m3,2025-04-19,123.1,1,Web
a410,v123,m1,2025-05-05,140.0,1,Web
a411,v102,m2,2025-05-03,117.1,1,Mobile
a412,v79,m3,2025-05-14,59.6,0,Mobile
a413,v26,m4,2025-08-29,77.8,0,Mobile
a414,v95,m2,2025-06-10,95.0,1,Web
a415,v57,m7,2025-03-16,21.8,0,Web
a416,v149,m5,2025-08-02,52.5,0,TV
a417,v59,m3,2025-07-14,82.7,0,TV
a418,v87,m6,2025-05-12,78.0,0,Mobile
a419,v126,m6,2025-08-24,28.9,0,Mobile
a420,v36,m2,2025-10-07,106.9,1,Web
a421,v16,m6,2025-09-26,17.8,0,TV
a422,v13,m7,2025-01-04,65.4,0,Web
a423,v18,m2,2025-12-29,53.1,0,TV
a424,v124,m5,2025-12-04,73.7,0,TV
a425,v142,m5,2025-07-30,21.3,0,Web
a426,v71,m6,2025-10-02,95.6,1,TV
a427,v111,m5,2025-04-02,31.8,0,TV
a428,v39,m5,2025-05-04,41.1,0,Web
a429,v91,m3,2025-05-17,107.4,1,TV
a430,v63,m5,2025-12-23,44.8,0,Web
a431,v21,m7,2025-12-01,129.1,1,Web
a432,v9,m7,2025-02-17,64.6,0,Mobile
a433,v122,m5,2025-01-29,90.0,1,Web
a434,v22,m2,2025-09-13,163.8,1,Web
a435,v85,m7,2025-10-17,127.5,1,TV
a436,v55,m2,2025-12-21,170.6,1,Mobile
a437,v12,m3,2025-02-08,95.3,1,Mobile
a438,v145,m5,2025-12-03,23.6,0,Mobile
a439,v54,m1,2025-10-28,52.0,0,Web
a440,v102,m7,2025-02-09,52.9,0,Web
a441,v146,m2,2025-07-19,137.0,1,Web
a442,v21,m2,2025-09-14,147.9,1,Mobile
a443,v26,m1,2025-08-12,66.0,0,TV
a444,v102,m3,2025-06-17,23.3,0,Mobile
a445,v116,m7,2025-09-09,45.1,0,Web
a446,v111,m4,2025-04-06,71.1,0,Web
a447,v22,m4,2025-11-13,39.4,0,TV
a448,v98,m2,2025-12-31,154.0,1,TV
a449,v100,m6,2025-06-12,44.8,0,TV
a450,v79,m1,2025-08-16,86.4,1,Mobile
a451,v34,m1,2025-02-14,58.9,0,Mobile
a452,v143,m5,2025-09-20,64.9,0,TV
a453,v91,m1,2025-10-11,43.8,0,Web
a454,v75,m1,2025-07-31,90.9,1,TV
a455,v144,m6,2025-05-05,62.2,0,TV
a456,v98,m6,2025-03-28,26.5,0,Mobile
a457,v127,m3,2025-03-16,27.0,0,Mobile
a458,v108,m3,2025-06-03,73.3,0,TV
a459,v65,m3,2025-05-07,99.3,1,Mobile
a460,v35,m1,2025-06-05,30.1,0,Mobile
a461,v98,m3,2025-06-18,68.4,0,Mobile
a462,v35,m7,2025-06-03,55.3,0,Web
a463,v123,m2,2025-06-10,57.3,0,Mobile
a464,v75,m3,2025-12-22,89.6,1,Web
a465,v63,m7,2025-06-16,61.4,0,Mobile
a466,v140,m2,2025-04-03,137.7,1,Web
a467,v119,m1,2025-12-29,62.4,0,Mobile
a468,v18,m7,2025-07-29,94.0,1,TV
a469,v78,m6,2025-05-04,35.8,0,TV
a470,v109,m6,2025-07-13,21.1,0,Web
a471,v150,m4,2025-07-25,59.1,0,Web
a472,v138,m3,2025-11-01,90.2,1,TV
a473,v64,m1,2025-12-03,135.0,1,TV
a474,v12,m6,2025-10-16,96.1,1,Web
a475,v103,m6,2025-06-19,94.7,1,Mobile
a476,v3,m1,2025-02-20,70.3,0,Web
a477,v133,m6,2025-10-13,62.9,0,Web
a478,v129,m4,2025-03-19,43.5,0,TV
a479,v27,m4,2025-06-01,49.3,0,TV
a480,v37,m1,2025-06-28,78.7,0,Mobile
a481,v53,m7,2025-09-24,73.1,0,Mobile
a482,v113,m1,2025-12-23,101.2,1,TV
a483,v12,m3,2025-12-30,32.7,0,Mobile
a484,v63,m2,2025-09-22,56.8,0,TV
a485,v144,m3,2025-08-07,125.4,1,TV
a486,v104,m7,2025-11-19,40.3,0,Web
a487,v111,m6,2025-07-22,17.4,0,Web
a488,v116,m2,2025-10-31,97.5,1,TV
a489,v55,m6,2025-04-16,38.0,0,Web
a490,v138,m1,2025-04-06,87.3,1,TV
a491,v30,m4,2025-05-15,70.3,0,Mobile
a492,v81,m5,2025-11-02,62.8,0,Mobile
a493,v30,m5,2025-06-28,58.7,0,Mobile
a494,v45,m5,2025-12-11,97.7,1,Mobile
a495,v22,m5,2025-12-11,34.7,0,TV
a496,v37,m3,2025-09-19,62.7,0,Web
a497,v148,m2,2025-07-16,96.5,1,Mobile
a498,v138,m6,2025-12-22,90.8,1,TV
a499,v43,m5,2025-09-08,51.8,0,TV
a500,v116,m3,2025-11-14,25.9,0,Mobile
a501,v125,m1,2025-03-11,60.1,0,Mobile
a502,v105,m4,2025-12-17,55.6,0,Web
a503,v114,m7,2025-09-08,38.4,0,Web
a504,v57,m1,2025-05-30,34.2,0,TV
a505,v74,m5,2025-03-28,105.9,1,Web
a506,v127,m6,2025-10-09,57.1,0,Web
a507,v69,m1,2025-10-06,160.3,1,Mobile
a508,v113,m7,2025-10-07,44.0,0,Mobile
a509,v64,m1,2025-06-02,168.5,1,TV
a510,v68,m4,2025-06-28,86.1,1,TV
a511,v31,m4,2025-05-02,32.3,0,Web
a512,v90,m5,2025-12-30,87.1,1,Mobile
a513,v36,m2,2025-04-16,158.8,1,TV
a514,v138,m5,2025-03-28,55.6,0,Web
a515,v75,m3,2025-10-21,49.4,0,Web
a516,v25,m6,2025-03-11,94.4,1,Mobile
a517,v71,m1,2025-12-02,49.2,0,TV
a518,v38,m2,2025-12-31,80.4,0,TV
a519,v101,m7,2025-09-08,35.6,0,Web
a520,v20,m4,2025-11-21,80.6,0,TV
a521,v132,m4,2025-05-23,72.3,0,Mobile
a522,v125,m4,2025-06-17,63.0,0,Web
a523,v118,m1,2025-11-22,134.9,1,Mobile
a524,v17,m7,2025-10-01,63.7,0,Mobile
a525,v55,m7,2025-09-11,49.5,0,Mobile
a526,v125,m5,2025-06-25,118.4,1,TV
a527,v26,m1,2025-11-17,154.0,1,Mobile
a528,v32,m1,2025-03-22,99.4,1,TV
a529,v52,m4,2025-12-19,90.0,1,Web
a530,v41,m3,2025-05-21,30.3,0,Mobile
a531,v22,m3,2025-07-10,93.1,1,Web
a532,v60,m3,2025-08-08,92.1,1,Web
a533,v1,m1,2025-04-20,105.1,1,TV
a534,v58,m5,2025-09-23,94.8,1,TV
a535,v88,m1,2025-03-03,186.6,1,Mobile
a536,v34,m6,2025-09-02,20.8,0,Mobile
a537,v27,m1,2025-02-22,79.0,0,Mobile
a538,v35,m7,2025-11-25,129.2,1,TV
a539,v136,m1,2025-10-16,30.4,0,Web
a540,v113,m2,2025-06-29,144.2,1,Web
a541,v39,m6,2025-07-30,65.8,0,Mobile
a542,v56,m7,2025-02-14,118.6,1,TV
a543,v32,m7,2025-10-29,100.3,1,Mobile
a544,v64,m2,2025-05-22,131.8,1,TV
a545,v73,m5,2025-12-20,23.0,0,Web
a546,v53,m3,2025-09-23,86.8,1,TV
a547,v101,m6,2025-06-01,68.3,0,TV
a548,v99,m4,2025-02-27,34.9,0,Web
a549,v19,m5,2025-09-28,117.8,1,TV
a550,v100,m2,2025-10-19,96.1,1,Web
a551,v45,m6,2025-08-30,93.7,1,TV
a552,v18,m1,2025-01-08,70.8,0,TV
a553,v102,m1,2025-09-17,74.7,0,Web
a554,v107,m5,2025-08-05,97.2,1,TV
a555,v138,m6,2025-10-03,65.8,0,Mobile
a556,v40,m2,2025-10-02,81.1,0,Web
a557,v17,m6,2025-06-08,72.6,0,Web
a558,v62,m7,2025-01-30,46.9,0,Mobile
a559,v117,m1,2025-11-10,126.1,1,Mobile
a560,v45,m6,2025-03-03,16.0,0,TV
a561,v3,m6,2025-03-25,56.0,0,Mobile
a562,v67,m6,2025-03-27,45.7,0,Web
a563,v69,m7,2025-03-02,104.9,1,TV
a564,v110,m3,2025-05-20,77.6,0,Mobile
a565,v148,m6,2025-11-18,21.4,0,Mobile
a566,v93,m5,2025-01-29,75.0,0,Web
a567,v95,m2,2025-03-22,69.7,0,TV
a568,v59,m1,2025-09-18,29.4,0,TV
a569,v12,m2,2025-08-30,87.1,1,TV
a570,v10,m2,2025-10-11,157.1,1,Web
a571,v108,m6,2025-04-25,41.5,0,Mobile
a572,v82,m6,2025-05-19,83.1,0,Web
a573,v31,m3,2025-09-15,94.1,1,TV
a574,v103,m1,2025-02-05,168.9,1,Mobile
a575,v80,m7,2025-06-17,29.5,0,Mobile
a576,v95,m1,2025-04-13,75.5,0,Mobile
a577,v63,m6,2025-08-26,45.4,0,Mobile
a578,v51,m7,2025-10-07,103.7,1,TV
a579,v2,m2,2025-07-29,32.8,0,Web
a580,v86,m1,2025-01-01,150.0,1,Mobile
a581,v79,m7,2025-02-23,42.6,0,TV
a582,v126,m4,2025-01-31,95.2,1,TV
a583,v72,m6,2025-02-17,18.6,0,TV
a584,v134,m7,2025-07-31,97.1,1,Mobile
a585,v22,m4,2025-10-25,22.9,0,TV
a586,v146,m5,2025-02-01,67.8,0,TV
a587,v75,m2,2025-05-14,164.7,1,Mobile
a588,v84,m6,2025-06-12,52.4,0,TV
a589,v52,m1,2025-03-11,153.4,1,Web
a590,v40,m1,2025-02-24,55.2,0,Mobile
a591,v105,m3,2025-03-03,79.0,0,TV
a592,v31,m7,2025-02-16,37.3,0,Web
a593,v11,m3,2025-04-21,112.0,1,Mobile
a594,v24,m2,2025-12-31,68.6,0,Mobile
a595,v132,m4,2025-01-26,70.9,0,Mobile
a596,v45,m7,2025-01-16,124.7,1,Mobile
a597,v141,m5,2025-05-08,30.4,0,TV
a598,v16,m1,2025-04-24,49.8,0,Mobile
a599,v22,m3,2025-10-26,84.5,0,TV
a600,v17,m1,2025-04-12,172.9,1,Mobile
a601,v33,m7,2025-02-17,119.6,1,Mobile
a602,v11,m1,2025-08-25,37.1,0,Web
a603,v102,m4,2025-09-12,17.4,0,Web
a604,v71,m2,2025-05-24,100.1,1,TV
a605,v63,m1,2025-11-28,76.1,0,Mobile
a606,v123,m5,2025-02-01,29.6,0,Mobile
a607,v108,m2,2025-04-13,131.5,1,Web
a608,v140,m2,2025-01-10,186.8,1,Web
a609,v123,m3,2025-10-06,106.0,1,Mobile
a610,v70,m4,2025-04-03,17.2,0,Web
a611,v8,m2,2025-05-24,38.3,0,Mobile
a612,v92,m5,2025-10-27,130.0,1,TV
a613,v64,m1,2025-12-03,67.5,0,Web
a614,v15,m7,2025-04-23,83.3,0,Mobile
a615,v45,m3,2025-04-01,46.0,0,Mobile
a616,v8,m5,2025-12-27,97.1,1,Web
a617,v37,m5,2025-10-16,124.3,1,Mobile
a618,v80,m5,2025-03-31,73.9,0,TV
a619,v60,m1,2025-11-05,63.9,0,Web
a620,v1,m4,2025-06-19,90.7,1,TV
a621,v34,m7,2025-06-24,98.9,1,Mobile
a622,v37,m6,2025-02-26,84.8,0,Mobile
a623,v96,m1,2025-12-27,179.2,1,Mobile
a624,v26,m5,2025-06-22,53.2,0,TV
a625,v112,m2,2025-11-24,182.2,1,Web
a626,v45,m3,2025-12-29,126.6,1,Web
a627,v92,m5,2025-04-25,93.2,1,TV
a628,v33,m3,2025-04-01,100.2,1,Web
a629,v101,m5,2025-10-18,23.6,0,Web
a630,v57,m3,2025-11-24,82.2,0,Mobile
a631,v85,m2,2025-02-09,67.0,0,Mobile
a632,v23,m2,2025-12-29,135.9,1,Web
a633,v115,m3,2025-01-06,49.2,0,TV
a634,v28,m7,2025-01-01,25.3,0,Mobile
a635,v108,m6,2025-03-27,88.0,1,Mobile
a636,v90,m4,2025-10-07,46.0,0,Mobile
a637,v148,m7,2025-11-30,103.4,1,TV
a638,v116,m2,2025-02-07,156.5,1,TV
a639,v6,m3,2025-06-13,48.7,0,TV
a640,v42,m4,2025-02-08,60.1,0,TV
a641,v124,m3,2025-12-27,23.4,0,Web
a642,v112,m2,2025-03-22,37.5,0,Mobile
a643,v49,m2,2025-07-29,140.2,1,Web
a644,v139,m6,2025-05-16,69.5,0,Mobile
a645,v25,m2,2025-01-26,91.7,1,Web
a646,v1,m3,2025-08-07,29.6,0,Web
a647,v123,m6,2025-04-13,23.0,0,TV
a648,v75,m2,2025-02-11,104.5,1,TV
a649,v102,m3,2025-08-30,73.8,0,Web
a650,v24,m3,2025-11-25,79.9,0,TV
a651,v98,m3,2025-07-09,40.5,0,TV
a652,v69,m2,2025-10-16,38.8,0,Web
a653,v25,m6,2025-02-13,70.1,0,Web
a654,v59,m4,2025-10-11,20.0,0,Mobile
a655,v134,m7,2025-08-03,126.2,1,Web
a656,v122,m7,2025-10-21,117.0,1,Mobile
a657,v21,m3,2025-07-22,119.3,1,Web
a658,v147,m5,2025-12-13,128.1,1,TV
a659,v115,m1,2025-03-30,180.4,1,TV
a660,v50,m2,2025-03-06,35.8,0,TV
a661,v112,m6,2025-04-14,97.3,1,Web
a662,v67,m2,2025-06-13,174.3,1,TV
a663,v100,m1,2025-10-12,92.4,1,Mobile
a664,v4,m7,2025-12-25,88.5,1,Web
a665,v108,m7,2025-02-27,65.6,0,TV
a666,v150,m5,2025-02-21,121.7,1,Web
a667,v26,m7,2025-05-27,115.4,1,Mobile
a668,v68,m4,2025-07-16,69.0,0,Web
a669,v122,m5,2025-01-20,38.9,0,Mobile
a670,v103,m6,2025-01-20,47.7,0,Mobile
a671,v61,m6,2025-01-26,76.5,0,Mobile
a672,v6,m3,2025-06-22,109.9,1,Mobile
a673,v72,m3,2025-09-09,114.4,1,Web
a674,v59,m1,2025-03-10,76.9,0,Web
a675,v83,m4,2025-05-18,75.1,0,Web
a676,v105,m2,2025-09-06,150.1,1,Mobile
a677,v15,m7,2025-09-21,107.1,1,TV
a678,v130,m3,2025-07-26,34.9,0,Web
a679,v8,m5,2025-03-30,41.2,0,TV
a680,v15,m7,2025-05-08,23.6,0,TV
a681,v51,m3,2025-05-21,60.5,0,Mobile
a682,v8,m1,2025-05-04,88.4,1,Web
a683,v46,m4,2025-08-31,63.4,0,Mobile
a684,v42,m3,2025-05-13,102.4,1,Web
a685,v73,m1,2025-01-15,90.7,1,TV
a686,v147,m7,2025-04-20,114.3,1,Web
a687,v53,m2,2025-05-18,132.9,1,Web
a688,v3,m7,2025-08-31,120.3,1,Web
a689,v3,m2,2025-04-25,69.3,0,Mobile
a690,v71,m6,2025-08-05,88.9,1,Mobile
a691,v65,m4,2025-04-22,53.5,0,Web
a692,v102,m5,2025-10-27,31.3,0,Web
a693,v96,m6,2025-10-15,68.4,0,Web
a694,v17,m4,2025-06-22,96.5,1,Web
a695,v71,m3,2025-05-14,92.2,1,Web
a696,v49,m3,2025-03-18,76.9,0,TV
a697,v104,m1,2025-12-05,80.0,0,TV
a698,v7,m6,2025-12-02,56.0,0,Mobile
a699,v108,m3,2025-07-27,62.7,0,TV
a700,v49,m7,2025-06-25,99.9,1,TV
a701,v137,m6,2025-11-23,79.8,0,Web
a702,v130,m3,2025-06-03,113.0,1,Web
a703,v47,m5,2025-05-31,30.7,0,TV
a704,v67,m6,2025-10-14,77.9,0,TV
a705,v86,m6,2025-12-02,22.4,0,Mobile
a706,v85,m4,2025-07-10,36.5,0,Mobile
a707,v31,m4,2025-08-29,19.4,0,Web
a708,v149,m5,2025-11-14,27.8,0,TV
a709,v31,m5,2025-12-15,62.0,0,Mobile
a710,v14,m4,2025-03-19,26.3,0,TV
a711,v105,m3,2025-10-19,118.2,1,Mobile
a712,v21,m2,2025-09-07,82.1,0,TV
a713,v15,m3,2025-01-03,69.7,0,TV
a714,v44,m7,2025-10-23,104.1,1,Mobile
a715,v23,m7,2025-03-08,87.6,1,Web
a716,v104,m4,2025-08-08,94.6,1,Mobile
a717,v10,m1,2025-10-01,60.8,0,Mobile
a718,v136,m7,2025-04-08,22.0,0,TV
a719,v64,m6,2025-04-26,72.2,0,Mobile
a720,v34,m3,2025-02-22,62.2,0,Web
a721,v43,m3,2025-02-03,110.6,1,Mobile
a722,v117,m3,2025-09-24,85.6,1,Mobile
a723,v35,m4,2025-06-25,97.2,1,Mobile
a724,v104,m7,2025-01-10,45.1,0,Web
a725,v55,m2,2025-01-12,123.1,1,TV
a726,v94,m1,2025-12-31,132.8,1,TV
a727,v66,m4,2025-10-01,66.4,0,Web
a728,v28,m1,2025-12-01,162.4,1,TV
a729,v30,m6,2025-08-02,51.7,0,TV
a730,v53,m2,2025-12-22,138.4,1,TV
a731,v108,m3,2025-12-05,31.1,0,Web
a732,v36,m3,2025-08-03,111.4,1,TV
a733,v31,m5,2025-05-25,32.5,0,TV
a734,v51,m4,2025-11-08,31.5,0,Mobile
a735,v134,m7,2025-04-14,59.4,0,Mobile
a736,v54,m4,2025-12-19,92.0,1,Mobile
a737,v1,m2,2025-01-07,136.1,1,TV
a738,v147,m7,2025-12-09,74.4,0,TV
a739,v131,m7,2025-02-08,99.6,1,TV
a740,v60,m3,2025-08-22,128.8,1,Mobile
a741,v119,m3,2025-01-26,31.0,0,TV
a742,v81,m3,2025-08-07,101.2,1,TV
a743,v12,m7,2025-01-05,113.7,1,Web
a744,v44,m6,2025-06-18,44.5,0,Mobile
a745,v69,m5,2025-02-17,61.0,0,Mobile
a746,v30,m2,2025-07-25,92.8,1,Mobile
a747,v99,m3,2025-12-20,113.6,1,Mobile
a748,v34,m1,2025-12-23,144.9,1,TV
a749,v107,m1,2025-10-30,106.0,1,Web
a750,v113,m6,2025-04-03,65.4,0,Mobile
a751,v8,m5,2025-12-17,116.8,1,Web
a752,v124,m2,2025-09-07,47.0,0,Mobile
a753,v12,m4,2025-02-02,36.6,0,Mobile
a754,v148,m5,2025-10-17,44.6,0,Web
a755,v87,m7,2025-09-23,77.5,0,Web
a756,v25,m5,2025-08-10,92.8,1,TV
a757,v89,m4,2025-12-06,70.8,0,Mobile
a758,v143,m2,2025-11-10,37.7,0,Web
a759,v130,m2,2025-08-29,164.9,1,TV
a760,v85,m2,2025-05-23,37.0,0,TV
a761,v97,m5,2025-07-26,109.9,1,TV
a762,v114,m4,2025-10-21,52.0,0,Mobile
a763,v81,m4,2025-03-02,95.9,1,Web
a764,v5,m6,2025-02-22,48.3,0,TV
a765,v141,m5,2025-01-01,110.8,1,Web
a766,v144,m5,2025-04-16,92.0,1,Mobile
a767,v94,m3,2025-01-28,109.8,1,Mobile
a768,v144,m3,2025-11-14,86.0,1,Web
a769,v94,m6,2025-08-20,24.4,0,Web
a770,v1,m2,2025-06-24,85.6,1,Web
a771,v75,m7,2025-10-08,77.4,0,Web
a772,v36,m4,2025-07-29,23.8,0,Web
a773,v49,m2,2025-03-03,177.4,1,Mobile
a774,v118,m2,2025-04-08,143.3,1,TV
a775,v107,m7,2025-01-24,121.9,1,Web
a776,v32,m5,2025-08-19,70.3,0,Web
a777,v35,m5,2025-09-13,20.5,0,Web
a778,v150,m7,2025-09-05,121.7,1,TV
a779,v149,m6,2025-03-30,75.3,0,TV
a780,v100,m1,2025-12-03,124.8,1,Mobile
a781,v99,m5,2025-08-03,127.7,1,Web
a782,v64,m7,2025-05-21,63.8,0,Mobile
a783,v116,m3,2025-03-10,35.2,0,Web
a784,v141,m3,2025-06-10,98.3,1,Web
a785,v56,m6,2025-04-13,32.3,0,Web
a786,v89,m3,2025-12-11,34.6,0,Web
a787,v46,m6,2025-09-15,59.8,0,Web
a788,v30,m3,2025-06-30,81.9,0,Web
a789,v107,m5,2025-12-12,102.3,1,Web
a790,v4,m7,2025-09-25,31.7,0,Mobile
a791,v14,m2,2025-12-10,38.0,0,Mobile
a792,v42,m7,2025-05-27,95.2,1,TV
a793,v16,m7,2025-12-20,106.3,1,TV
a794,v139,m7,2025-01-17,59.5,0,Mobile
a795,v144,m1,2025-04-25,147.4,1,Web
a796,v74,m7,2025-12-21,93.1,1,Mobile
a797,v107,m4,2025-12-17,40.8,0,Web
a798,v4,m1,2025-05-09,61.4,0,Mobile
a799,v58,m7,2025-11-21,97.5,1,Web
a800,v140,m3,2025-11-05,41.6,0,Web
a801,v76,m2,2025-08-18,57.3,0,Web
a802,v132,m6,2025-03-03,46.1,0,Mobile
a803,v143,m3,2025-05-16,34.3,0,Web
a804,v66,m7,2025-01-03,56.4,0,Web
a805,v11,m2,2025-03-20,177.1,1,Web
a806,v78,m1,2025-09-09,155.0,1,Web
a807,v19,m3,2025-12-29,55.0,0,TV
a808,v130,m7,2025-03-23,65.8,0,Web
a809,v24,m4,2025-06-28,33.2,0,TV
a810,v85,m6,2025-06-19,44.8,0,TV
a811,v136,m7,2025-09-01,129.6,1,Web
a812,v30,m1,2025-12-09,84.2,0,TV
a813,v63,m6,2025-01-21,71.3,0,Mobile
a814,v99,m1,2025-05-12,115.2,1,Mobile
a815,v133,m1,2025-07-11,111.0,1,Web
a816,v125,m4,2025-01-23,39.5,0,Web
a817,v83,m2,2025-09-21,42.1,0,TV
a818,v138,m2,2025-10-01,30.2,0,TV
a819,v55,m2,2025-12-17,96.7,1,TV
a820,v112,m6,2025-11-28,82.4,0,TV
a821,v40,m6,2025-01-13,52.9,0,Mobile
a822,v23,m1,2025-02-07,37.7,0,Mobile
a823,v19,m5,2025-10-22,110.4,1,Mobile
a824,v100,m4,2025-08-19,67.0,0,Mobile
a825,v5,m3,2025-07-19,94.1,1,Web
a826,v150,m1,2025-01-24,140.8,1,TV
a827,v129,m3,2025-02-24,51.9,0,Web
a828,v23,m3,2025-05-25,104.2,1,Mobile
a829,v102,m4,2025-12-05,17.5,0,TV
a830,v57,m5,2025-03-11,102.1,1,Web
a831,v37,m3,2025-06-02,94.5,1,Web
a832,v142,m1,2025-10-12,51.5,0,TV
a833,v147,m1,2025-11-02,91.9,1,Web
a834,v79,m1,2025-04-18,148.4,1,Web
a835,v55,m3,2025-07-31,119.6,1,Web
a836,v42,m2,2025-04-05,64.2,0,Mobile
a837,v30,m2,2025-04-03,136.0,1,Web
a838,v119,m5,2025-11-27,80.5,0,Mobile
a839,v18,m6,2025-05-09,23.1,0,Web
a840,v125,m5,2025-06-19,59.3,0,Web
a841,v61,m6,2025-02-21,38.5,0,TV
a842,v82,m2,2025-09-06,100.9,1,Web
a843,v79,m6,2025-12-22,63.2,0,Web
a844,v44,m4,2025-01-03,40.8,0,TV
a845,v112,m6,2025-05-22,84.3,0,TV
a846,v85,m6,2025-09-03,53.2,0,Mobile
a847,v79,m7,2025-09-07,80.7,0,TV
a848,v21,m6,2025-05-24,85.8,1,TV
a849,v51,m5,2025-05-15,100.7,1,Web
a850,v130,m1,2025-11-20,34.0,0,Web
a851,v104,m5,2025-10-30,43.4,0,TV
a852,v67,m5,2025-10-06,118.3,1,Web
a853,v39,m4,2025-07-07,47.4,0,Web
a854,v75,m6,2025-03-10,53.3,0,Web
a855,v102,m1,2025-07-06,109.1,1,Web
a856,v43,m5,2025-09-21,35.4,0,TV
a857,v145,m2,2025-10-17,134.2,1,TV
a858,v124,m6,2025-07-03,18.3,0,Mobile
a859,v17,m2,2025-05-16,87.9,1,TV
a860,v53,m6,2025-09-23,89.9,1,Mobile
a861,v121,m4,2025-08-21,87.7,1,TV
a862,v134,m6,2025-11-21,83.4,0,Web
a863,v149,m3,2025-10-06,82.7,0,Mobile
a864,v97,m6,2025-07-07,63.5,0,TV
a865,v65,m5,2025-07-12,127.0,1,TV
a866,v104,m5,2025-06-30,109.9,1,Mobile
a867,v124,m4,2025-11-06,15.5,0,TV
a868,v72,m5,2025-04-19,36.5,0,TV
a869,v31,m3,2025-12-05,45.3,0,Mobile
a870,v30,m6,2025-09-04,70.7,0,Mobile
a871,v42,m2,2025-11-28,161.9,1,TV
a872,v12,m2,2025-03-07,120.5,1,TV
a873,v132,m2,2025-01-21,171.1,1,TV
a874,v133,m2,2025-07-27,124.6,1,Web
a875,v5,m6,2025-12-05,82.8,0,TV
a876,v115,m2,2025-11-07,187.3,1,Mobile
a877,v57,m2,2025-07-30,124.8,1,Web
a878,v47,m7,2025-11-16,92.6,1,Mobile
a879,v88,m2,2025-08-21,124.1,1,TV
a880,v5,m1,2025-04-14,112.4,1,Web
a881,v108,m6,2025-03-18,65.0,0,TV
a882,v10,m4,2025-09-30,56.5,0,TV
a883,v124,m1,2025-12-04,49.8,0,Web
a884,v1,m5,2025-12-14,91.4,1,Web
a885,v95,m4,2025-01-23,72.6,0,Mobile
a886,v98,m7,2025-06-29,84.8,0,Web
a887,v148,m7,2025-02-20,66.8,0,Mobile
a888,v60,m4,2025-02-12,38.4,0,Web
a889,v66,m4,2025-04-07,15.5,0,Web
a890,v2,m7,2025-10-23,77.5,0,Web
a891,v97,m1,2025-12-02,61.8,0,Mobile
a892,v150,m4,2025-05-10,36.6,0,Web
a893,v145,m4,2025-07-07,65.5,0,Web
a894,v53,m4,2025-07-31,60.5,0,Web
a895,v46,m4,2025-07-09,61.1,0,Mobile
a896,v79,m3,2025-10-23,57.9,0,Web
a897,v36,m4,2025-12-04,24.8,0,TV
a898,v26,m2,2025-04-20,110.1,1,Mobile
a899,v141,m7,2025-11-11,96.7,1,Web
a900,v42,m1,2025-07-19,182.8,1,TV
a901,v24,m7,2025-03-16,71.9,0,Web
a902,v23,m4,2025-02-02,36.7,0,Mobile
a903,v10,m1,2025-07-16,177.4,1,Mobile
a904,v15,m6,2025-03-31,67.8,0,Mobile
a905,v52,m1,2025-12-03,177.5,1,Web
a906,v50,m3,2025-01-18,106.2,1,Web
a907,v60,m5,2025-11-11,38.6,0,TV
a908,v62,m3,2025-12-02,20.0,0,TV
a909,v71,m1,2025-07-24,85.3,1,Mobile
a910,v18,m1,2025-02-16,116.7,1,Web
a911,v144,m7,2025-10-26,58.3,0,Mobile
a912,v50,m2,2025-08-21,177.3,1,Web
a913,v67,m1,2025-03-31,93.9,1,TV
a914,v19,m5,2025-09-15,52.4,0,TV
a915,v132,m7,2025-05-12,116.4,1,Web
a916,v145,m4,2025-09-05,78.5,0,Mobile
a917,v118,m7,2025-12-15,70.7,0,Web
a918,v8,m7,2025-09-04,32.8,0,TV
a919,v57,m4,2025-12-13,72.8,0,Mobile
a920,v91,m4,2025-09-22,59.2,0,Web
a921,v68,m7,2025-05-08,51.6,0,Mobile
a922,v142,m1,2025-04-02,105.0,1,Mobile
a923,v147,m2,2025-05-18,58.2,0,Web
a924,v49,m6,2025-09-13,75.8,0,TV
a925,v62,m6,2025-05-16,32.1,0,TV
a926,v64,m7,2025-11-13,59.2,0,TV
a927,v21,m1,2025-12-13,181.4,1,Mobile
a928,v11,m5,2025-09-04,60.8,0,Mobile
a929,v148,m4,2025-05-21,55.5,0,Web
a930,v102,m3,2025-04-24,102.5,1,TV
a931,v135,m1,2025-08-05,105.3,1,Web
a932,v129,m1,2025-06-27,91.8,1,Web
a933,v45,m7,2025-08-23,127.4,1,Web
a934,v4,m1,2025-12-12,62.6,0,Web
a935,v84,m1,2025-07-05,126.7,1,Mobile
a936,v141,m2,2025-05-15,66.8,0,Mobile
a937,v88,m5,2025-07-07,40.2,0,Mobile
a938,v108,m2,2025-12-25,149.0,1,Mobile
a939,v103,m7,2025-05-24,69.6,0,Web
a940,v26,m2,2025-05-19,157.3,1,Web
a941,v98,m4,2025-04-11,27.0,0,Web
a942,v122,m2,2025-01-05,57.2,0,Mobile
a943,v133,m2,2025-10-01,143.9,1,Mobile
a944,v65,m3,2025-10-15,114.4,1,TV
a945,v26,m4,2025-12-20,28.5,0,TV
a946,v25,m6,2025-08-19,76.4,0,Mobile
a947,v93,m3,2025-10-14,81.3,0,Mobile
a948,v6,m3,2025-07-30,33.3,0,Web
a949,v51,m5,2025-10-23,83.3,0,Web
a950,v45,m5,2025-05-26,59.1,0,Web
a951,v125,m5,2025-08-17,117.9,1,Mobile
a952,v43,m2,2025-11-24,157.8,1,Mobile
a953,v147,m4,2025-07-27,85.0,0,TV
a954,v42,m1,2025-06-25,65.4,0,Mobile
a955,v75,m6,2025-12-30,37.1,0,Web
a956,v70,m4,2025-08-16,79.4,0,Mobile
a957,v134,m6,2025-08-19,49.2,0,TV
a958,v65,m2,2025-12-25,148.6,1,TV
a959,v102,m2,2025-02-22,44.2,0,Mobile
a960,v14,m5,2025-01-14,104.8,1,Web
a961,v22,m7,2025-02-23,48.9,0,TV
a962,v100,m1,2025-06-08,65.6,0,Web
a963,v114,m3,2025-11-17,33.9,0,Web
a964,v92,m6,2025-06-16,86.3,1,Mobile
a965,v139,m7,2025-05-20,80.3,0,TV
a966,v139,m6,2025-04-01,63.7,0,Mobile
a967,v145,m6,2025-08-11,58.2,0,Web
a968,v80,m5,2025-06-27,73.0,0,TV
a969,v23,m7,2025-08-15,53.9,0,Mobile
a970,v134,m1,2025-03-11,83.8,0,Mobile
a971,v3,m5,2025-12-19,121.4,1,Mobile
a972,v3,m3,2025-08-09,107.8,1,Web
a973,v2,m2,2025-10-08,88.6,1,Mobile
a974,v112,m5,2025-07-22,47.5,0,Web
a975,v100,m6,2025-07-13,33.2,0,TV
a976,v70,m7,2025-05-26,91.3,1,Web
a977,v69,m7,2025-07-31,40.7,0,TV
a978,v35,m2,2025-05-29,46.6,0,Mobile
a979,v116,m5,2025-05-20,97.1,1,Mobile
a980,v83,m2,2025-01-10,53.3,0,Web
a981,v48,m1,2025-02-22,74.0,0,TV
a982,v24,m2,2025-03-19,31.3,0,TV
a983,v108,m3,2025-06-09,106.4,1,Mobile
a984,v119,m3,2025-12-23,107.1,1,Mobile
a985,v38,m1,2025-01-29,71.5,0,Mobile
a986,v140,m1,2025-08-29,58.0,0,Mobile
a987,v98,m7,2025-01-07,33.4,0,Web
a988,v64,m4,2025-01-18,31.4,0,Web
a989,v25,m7,2025-09-24,93.3,1,TV
a990,v100,m4,2025-12-15,94.3,1,Mobile
a991,v11,m2,2025-10-09,112.1,1,Mobile
a992,v77,m4,2025-04-12,44.7,0,TV
a993,v56,m7,2025-02-27,46.0,0,Mobile
a994,v150,m3,2025-03-03,63.5,0,TV
a995,v11,m1,2025-10-25,154.0,1,Mobile
a996,v40,m6,2025-07-10,78.6,0,TV
a997,v128,m2,2025-02-16,138.4,1,Mobile
a998,v16,m7,2025-01-31,59.1,0,TV
a999,v138,m6,2025-02-24,25.4,0,TV
a1000,v89,m6,2025-08-13,75.5,0,TV
a1001,v97,m6,2025-07-03,74.8,0,Mobile
a1002,v125,m1,2025-12-28,98.8,1,Mobile
a1003,v126,m5,2025-04-08,82.3,0,Web
a1004,v83,m3,2025-08-28,50.3,0,Web
a1005,v142,m7,2025-03-24,27.6,0,TV
a1006,v94,m5,2025-08-21,20.1,0,Web
a1007,v98,m5,2025-04-05,117.1,1,Web
a1008,v94,m7,2025-11-14,46.3,0,Web
a1009,v138,m1,2025-07-18,59.3,0,Web
a1010,v142,m4,2025-03-20,65.6,0,Mobile
a1011,v83,m4,2025-02-26,22.9,0,Web
a1012,v46,m2,2025-01-17,61.2,0,Mobile
a1013,v26,m2,2025-01-17,120.1,1,Mobile
a1014,v126,m6,2025-09-27,66.5,0,Web
a1015,v13,m3,2025-07-07,44.3,0,Web
a1016,v4,m1,2025-04-17,133.6,1,TV
a1017,v16,m4,2025-07-04,61.0,0,Mobile
a1018,v69,m1,2025-09-28,35.5,0,TV
a1019,v78,m7,2025-02-09,123.9,1,Web
a1020,v26,m1,2025-04-29,113.8,1,TV
a1021,v135,m2,2025-12-03,68.7,0,Web
a1022,v143,m2,2025-10-13,95.2,1,TV
a1023,v148,m7,2025-07-03,94.2,1,Web
a1024,v47,m2,2025-10-09,93.0,1,Mobile
a1025,v41,m6,2025-10-01,97.4,1,Mobile
a1026,v81,m3,2025-10-09,129.1,1,Mobile
a1027,v96,m7,2025-07-31,104.1,1,Mobile
a1028,v83,m7,2025-11-08,46.5,0,Web
a1029,v97,m2,2025-10-09,176.7,1,Mobile
a1030,v1,m4,2025-01-18,96.1,1,Web
a1031,v133,m1,2025-03-11,187.4,1,Mobile
a1032,v77,m1,2025-04-24,63.3,0,Mobile
a1033,v71,m1,2025-10-11,110.5,1,Web
a1034,v40,m5,2025-02-18,24.2,0,Mobile
a1035,v36,m2,2025-05-16,87.5,1,Web
a1036,v24,m3,2025-10-20,64.0,0,TV
a1037,v20,m6,2025-06-16,80.4,0,TV
a1038,v148,m4,2025-02-18,64.1,0,Mobile
a1039,v148,m1,2025-07-15,41.5,0,TV
a1040,v86,m7,2025-06-28,116.8,1,Mobile
a1041,v31,m4,2025-04-27,76.7,0,Web
a1042,v98,m6,2025-01-28,40.1,0,TV
a1043,v139,m3,2025-10-17,36.5,0,Web
a1044,v57,m6,2025-03-20,19.2,0,Web
a1045,v115,m4,2025-11-01,62.5,0,TV
a1046,v111,m2,2025-05-29,154.4,1,TV
a1047,v87,m2,2025-02-12,104.9,1,Web
a1048,v103,m1,2025-09-14,98.3,1,Web
a1049,v35,m2,2025-09-04,118.2,1,Mobile
a1050,v147,m4,2025-04-11,61.3,0,Web
a1051,v64,m5,2025-05-05,27.9,0,Mobile
a1052,v148,m3,2025-02-15,32.4,0,Mobile
a1053,v94,m4,2025-06-28,30.7,0,Mobile
a1054,v44,m3,2025-06-29,87.8,1,Mobile
a1055,v38,m5,2025-08-14,24.9,0,TV
a1056,v96,m2,2025-03-21,149.9,1,TV
a1057,v14,m1,2025-05-05,180.4,1,TV
a1058,v74,m7,2025-01-08,57.8,0,TV
a1059,v116,m3,2025-08-30,22.5,0,TV
a1060,v134,m5,2025-05-13,80.4,0,Web
a1061,v37,m6,2025-12-22,72.6,0,TV
a1062,v150,m4,2025-12-06,58.5,0,Mobile
a1063,v16,m2,2025-05-26,61.0,0,Web
a1064,v70,m5,2025-01-28,71.1,0,TV
a1065,v100,m1,2025-12-05,72.3,0,Web
a1066,v99,m3,2025-04-29,127.8,1,Web
a1067,v26,m6,2025-06-11,55.0,0,Web
a1068,v23,m5,2025-04-06,41.9,0,Mobile
a1069,v6,m5,2025-01-21,47.2,0,Web
a1070,v86,m3,2025-09-08,63.3,0,TV
a1071,v89,m1,2025-12-17,85.1,1,Web
a1072,v71,m5,2025-02-01,88.8,1,Mobile
a1073,v8,m7,2025-10-12,124.4,1,TV
a1074,v88,m2,2025-07-21,133.8,1,TV
a1075,v98,m6,2025-09-24,94.2,1,Web
a1076,v59,m7,2025-08-02,46.4,0,TV
a1077,v80,m4,2025-11-06,42.2,0,Web
a1078,v139,m5,2025-12-17,108.0,1,TV
a1079,v135,m3,2025-03-11,67.3,0,TV
a1080,v145,m6,2025-03-22,41.2,0,Web
a1081,v31,m5,2025-04-05,54.9,0,TV
a1082,v8,m6,2025-06-13,87.6,1,Mobile
a1083,v78,m4,2025-08-15,76.5,0,Web
a1084,v49,m7,2025-02-24,34.5,0,TV
a1085,v69,m7,2025-11-07,82.4,0,TV
a1086,v60,m5,2025-04-29,95.6,1,Mobile
a1087,v123,m1,2025-03-10,109.1,1,Web
a1088,v96,m4,2025-04-05,85.3,1,Mobile
a1089,v36,m4,2025-03-25,30.9,0,TV
a1090,v106,m3,2025-04-24,101.7,1,TV
a1091,v53,m7,2025-02-03,39.5,0,Mobile
a1092,v126,m7,2025-12-19,55.7,0,Mobile
a1093,v110,m2,2025-07-27,152.8,1,Web
a1094,v98,m6,2025-06-10,47.5,0,Web
a1095,v138,m5,2025-09-26,90.6,1,Web
a1096,v117,m4,2025-01-22,87.4,1,TV
a1097,v138,m5,2025-07-22,128.2,1,TV
a1098,v100,m5,2025-09-22,104.2,1,TV
a1099,v75,m2,2025-08-14,92.5,1,Mobile
a1100,v74,m7,2025-08-25,38.3,0,Mobile
a1101,v14,m5,2025-12-20,76.9,0,TV
a1102,v129,m1,2025-02-27,57.7,0,Web
a1103,v140,m6,2025-03-11,47.4,0,Mobile
a1104,v7,m4,2025-04-02,52.4,0,Web
a1105,v117,m2,2025-02-16,68.9,0,Web
a1106,v42,m6,2025-03-05,22.5,0,Web
a1107,v93,m4,2025-02-13,58.2,0,Mobile
a1108,v41,m5,2025-07-13,80.5,0,TV
a1109,v44,m7,2025-06-21,82.2,0,Web
a1110,v39,m7,2025-03-25,115.6,1,TV
a1111,v14,m7,2025-08-03,53.9,0,Web
a1112,v115,m7,2025-05-28,88.9,1,TV
a1113,v52,m2,2025-01-02,128.3,1,Mobile
a1114,v140,m4,2025-01-03,65.2,0,Mobile
a1115,v56,m2,2025-10-29,134.2,1,Mobile
a1116,v114,m4,2025-02-10,64.6,0,TV
a1117,v141,m2,2025-05-23,127.9,1,Web
a1118,v54,m7,2025-01-26,40.3,0,TV
a1119,v90,m6,2025-01-19,27.0,0,TV
a1120,v85,m3,2025-02-14,25.4,0,Mobile
a1121,v42,m2,2025-12-11,74.4,0,Web
a1122,v147,m6,2025-10-15,29.6,0,Mobile
a1123,v149,m6,2025-07-04,91.8,1,TV
a1124,v77,m7,2025-06-15,60.5,0,Mobile
a1125,v18,m7,2025-08-07,112.8,1,TV
a1126,v71,m6,2025-06-18,58.5,0,Web
a1127,v54,m2,2025-11-10,38.3,0,Web
a1128,v136,m6,2025-02-14,54.9,0,Web
a1129,v74,m5,2025-08-07,87.0,1,Mobile
a1130,v135,m3,2025-10-22,129.5,1,Mobile
a1131,v145,m2,2025-09-12,111.9,1,Web
a1132,v60,m5,2025-12-29,52.0,0,TV
a1133,v31,m1,2025-01-13,103.1,1,TV
a1134,v54,m6,2025-11-12,97.4,1,Mobile
a1135,v86,m1,2025-06-29,118.4,1,Web
a1136,v3,m2,2025-11-24,61.1,0,Mobile
a1137,v18,m3,2025-06-07,53.0,0,Web
a1138,v86,m6,2025-06-24,47.7,0,Web
a1139,v8,m5,2025-03-31,41.3,0,Mobile
a1140,v123,m6,2025-08-31,80.8,0,Web
a1141,v124,m2,2025-03-21,129.0,1,Web
a1142,v119,m3,2025-07-31,122.1,1,TV
a1143,v134,m7,2025-06-03,82.1,0,Web
a1144,v148,m2,2025-12-17,81.9,0,Mobile
a1145,v39,m1,2025-05-24,163.1,1,Mobile
a1146,v137,m4,2025-03-26,62.1,0,Mobile
a1147,v30,m2,2025-06-07,141.5,1,Mobile
a1148,v9,m6,2025-05-20,49.1,0,Mobile
a1149,v96,m2,2025-08-20,161.3,1,Mobile
a1150,v96,m1,2025-01-20,153.1,1,TV
a1151,v130,m4,2025-01-13,80.9,0,Web
a1152,v49,m2,2025-06-24,176.3,1,Web
a1153,v135,m7,2025-06-08,105.3,1,TV
a1154,v26,m7,2025-09-22,94.4,1,TV
a1155,v10,m2,2025-08-24,90.8,1,Web
a1156,v23,m1,2025-06-20,103.5,1,TV
a1157,v134,m1,2025-12-04,147.9,1,TV
a1158,v80,m5,2025-11-24,118.1,1,Mobile
a1159,v50,m2,2025-05-27,73.1,0,Mobile
a1160,v113,m7,2025-12-10,32.9,0,TV
a1161,v71,m2,2025-02-28,31.4,0,Web
a1162,v90,m5,2025-10-09,55.0,0,TV
a1163,v73,m6,2025-10-21,35.2,0,TV
a1164,v87,m3,2025-10-04,68.8,0,TV
a1165,v121,m1,2025-12-12,37.0,0,Mobile
a1166,v23,m1,2025-08-07,91.5,1,Web
a1167,v115,m5,2025-11-12,59.1,0,Mobile
a1168,v137,m6,2025-02-10,95.3,1,Mobile
a1169,v34,m5,2025-02-17,109.4,1,Web
a1170,v25,m4,2025-08-22,40.6,0,Web
a1171,v120,m6,2025-08-29,34.1,0,TV
a1172,v67,m2,2025-07-06,91.5,1,Web
a1173,v85,m6,2025-06-16,52.4,0,TV
a1174,v119,m4,2025-03-29,38.3,0,Mobile
a1175,v148,m5,2025-03-07,75.9,0,Mobile
a1176,v28,m7,2025-06-16,81.2,0,TV
a1177,v78,m7,2025-09-30,70.7,0,Web
a1178,v62,m4,2025-11-14,35.1,0,TV
a1179,v99,m4,2025-02-03,43.1,0,Web
a1180,v146,m4,2025-06-25,59.9,0,TV
a1181,v20,m2,2025-12-31,120.6,1,Mobile
a1182,v119,m1,2025-06-16,117.5,1,Mobile
a1183,v79,m2,2025-07-27,40.1,0,TV
a1184,v98,m6,2025-06-17,55.8,0,Web
a1185,v24,m1,2025-04-22,159.3,1,Web
a1186,v38,m1,2025-12-05,52.8,0,Web
a1187,v100,m3,2025-11-12,83.6,0,TV
a1188,v82,m2,2025-06-03,120.0,1,Web
a1189,v112,m3,2025-06-26,128.9,1,Web
a1190,v131,m1,2025-07-26,164.2,1,Mobile
a1191,v95,m1,2025-10-09,183.4,1,TV
a1192,v29,m3,2025-05-25,115.2,1,TV
a1193,v101,m4,2025-11-17,41.2,0,Mobile
a1194,v98,m4,2025-08-11,60.0,0,Web
a1195,v122,m2,2025-03-13,59.0,0,Mobile
a1196,v93,m7,2025-08-02,37.0,0,Web
a1197,v35,m2,2025-01-06,40.4,0,TV
a1198,v112,m6,2025-03-11,22.0,0,Web
a1199,v107,m7,2025-08-22,118.3,1,Web
a1200,v109,m5,2025-11-16,39.8,0,Web
a1201,v142,m4,2025-08-19,46.7,0,TV
a1202,v109,m2,2025-11-06,30.2,0,Mobile
a1203,v61,m7,2025-12-31,75.2,0,Mobile
a1204,v10,m1,2025-10-18,106.1,1,Mobile
a1205,v149,m1,2025-09-04,182.4,1,TV
a1206,v135,m2,2025-05-24,103.2,1,TV
a1207,v23,m5,2025-05-06,72.0,0,Web
a1208,v20,m6,2025-12-17,67.3,0,Web
a1209,v14,m3,2025-06-25,78.9,0,TV
a1210,v147,m4,2025-06-19,49.7,0,Mobile
a1211,v43,m3,2025-01-19,96.5,1,Web
a1212,v78,m6,2025-10-16,36.5,0,Web
a1213,v149,m4,2025-03-28,62.3,0,Web
a1214,v7,m3,2025-05-27,73.3,0,TV
a1215,v20,m5,2025-05-23,47.7,0,Web
a1216,v29,m1,2025-11-06,56.9,0,Web
a1217,v39,m6,2025-12-04,51.8,0,TV
a1218,v61,m3,2025-09-06,39.9,0,Web
a1219,v9,m7,2025-06-25,128.2,1,TV
a1220,v40,m5,2025-09-11,102.8,1,Mobile
a1221,v99,m7,2025-05-02,92.7,1,Web
a1222,v89,m6,2025-01-28,68.0,0,TV
a1223,v43,m1,2025-08-26,92.6,1,Mobile
a1224,v137,m4,2025-04-30,46.3,0,Web
a1225,v122,m4,2025-05-15,27.0,0,Mobile
a1226,v74,m1,2025-08-18,89.9,1,Mobile
a1227,v11,m5,2025-02-19,120.9,1,Web
a1228,v70,m5,2025-06-21,49.7,0,TV
a1229,v150,m3,2025-07-20,70.7,0,Web
a1230,v62,m6,2025-12-11,63.6,0,TV
a1231,v87,m5,2025-12-13,95.9,1,TV
a1232,v141,m3,2025-01-06,94.0,1,TV
a1233,v106,m1,2025-02-20,112.8,1,Web
a1234,v65,m3,2025-04-09,23.7,0,Web
a1235,v15,m1,2025-11-01,133.7,1,TV
a1236,v32,m5,2025-12-29,125.4,1,TV
a1237,v34,m7,2025-07-12,92.2,1,Web
a1238,v48,m5,2025-02-26,96.5,1,Mobile
a1239,v120,m3,2025-12-05,123.0,1,Web
a1240,v110,m7,2025-12-21,119.4,1,Mobile
a1241,v42,m3,2025-02-07,50.5,0,TV
a1242,v100,m4,2025-06-20,97.2,1,Mobile
a1243,v68,m7,2025-04-02,68.5,0,Mobile
a1244,v101,m2,2025-04-02,132.0,1,TV
a1245,v139,m2,2025-08-09,63.8,0,Web
a1246,v27,m3,2025-01-18,28.0,0,Web
a1247,v65,m6,2025-08-17,16.5,0,Mobile
a1248,v1,m2,2025-01-20,135.0,1,Mobile
a1249,v85,m2,2025-07-20,120.7,1,Web
a1250,v126,m6,2025-09-02,51.0,0,Web
a1251,v18,m7,2025-10-04,44.8,0,Mobile
a1252,v32,m4,2025-10-18,59.2,0,Mobile
a1253,v78,m3,2025-07-25,26.1,0,Web
a1254,v94,m1,2025-10-01,165.1,1,Mobile
a1255,v118,m1,2025-05-29,132.3,1,TV
a1256,v11,m5,2025-07-16,92.7,1,Mobile
a1257,v100,m6,2025-02-24,67.0,0,Mobile
a1258,v49,m4,2025-03-13,17.9,0,TV
a1259,v62,m6,2025-09-08,47.1,0,Web
a1260,v79,m6,2025-09-13,59.1,0,Mobile
a1261,v10,m1,2025-06-23,37.9,0,Web
a1262,v104,m1,2025-03-02,62.8,0,Web
a1263,v134,m6,2025-08-23,92.6,1,Web
a1264,v10,m1,2025-03-14,107.0,1,TV
a1265,v12,m4,2025-05-05,72.9,0,TV
a1266,v45,m1,2025-11-20,37.0,0,Mobile
a1267,v25,m7,2025-08-22,87.2,1,Web
a1268,v28,m1,2025-02-28,108.3,1,Web
a1269,v17,m2,2025-04-14,97.0,1,Web
a1270,v148,m6,2025-10-07,26.3,0,TV
a1271,v12,m7,2025-10-31,39.1,0,TV
a1272,v71,m1,2025-03-14,149.8,1,TV
a1273,v95,m6,2025-10-11,28.6,0,TV
a1274,v11,m5,2025-03-10,31.0,0,Web
a1275,v97,m5,2025-03-22,21.7,0,Mobile
a1276,v73,m1,2025-08-02,139.6,1,Mobile
a1277,v33,m6,2025-04-16,26.8,0,Mobile
a1278,v116,m5,2025-07-30,46.3,0,TV
a1279,v10,m5,2025-11-02,39.8,0,Mobile
a1280,v23,m5,2025-11-18,110.9,1,Mobile
a1281,v108,m3,2025-01-03,81.3,0,TV
a1282,v93,m1,2025-10-04,110.0,1,Mobile
a1283,v54,m7,2025-05-22,25.8,0,TV
a1284,v39,m7,2025-12-17,112.8,1,Mobile
a1285,v46,m4,2025-03-23,70.3,0,TV
a1286,v94,m1,2025-05-26,62.4,0,Mobile
a1287,v117,m3,2025-01-23,31.5,0,TV
a1288,v8,m7,2025-09-06,76.6,0,TV
a1289,v114,m2,2025-10-31,121.5,1,Mobile
a1290,v84,m2,2025-04-28,153.2,1,Mobile
a1291,v26,m2,2025-05-02,146.7,1,TV
a1292,v57,m4,2025-02-07,53.9,0,Mobile
a1293,v112,m1,2025-03-16,63.5,0,Web
a1294,v118,m2,2025-04-10,129.8,1,Mobile
a1295,v86,m2,2025-03-07,34.1,0,Web
a1296,v72,m1,2025-03-11,46.7,0,Mobile
a1297,v108,m4,2025-03-29,77.7,0,TV
a1298,v41,m3,2025-11-23,124.8,1,TV
a1299,v142,m5,2025-04-28,29.5,0,Web
a1300,v122,m5,2025-08-25,50.7,0,Web
a1301,v64,m4,2025-05-07,42.0,0,Web
a1302,v39,m2,2025-10-21,172.3,1,Mobile
a1303,v11,m1,2025-08-29,146.0,1,Web
a1304,v109,m1,2025-09-29,91.9,1,Web
a1305,v26,m7,2025-08-20,74.5,0,TV
a1306,v105,m6,2025-04-22,25.9,0,Mobile
a1307,v24,m2,2025-01-09,105.5,1,Mobile
a1308,v118,m2,2025-10-20,148.2,1,TV
a1309,v119,m4,2025-03-12,87.1,1,Mobile
a1310,v95,m2,2025-11-17,103.1,1,Web
a1311,v19,m1,2025-07-17,171.5,1,Mobile
a1312,v70,m7,2025-12-24,124.1,1,Web
a1313,v54,m5,2025-12-17,28.9,0,Mobile
a1314,v15,m6,2025-09-21,93.0,1,Web
a1315,v14,m3,2025-02-26,62.1,0,Mobile
a1316,v11,m5,2025-07-07,60.3,0,Web
a1317,v18,m5,2025-10-15,98.0,1,TV
a1318,v30,m5,2025-11-29,72.6,0,Web
a1319,v54,m7,2025-04-26,55.3,0,Mobile
a1320,v109,m5,2025-05-22,26.0,0,Mobile
a1321,v116,m3,2025-09-06,75.2,0,TV
a1322,v137,m4,2025-12-14,83.1,0,Mobile
a1323,v95,m4,2025-12-11,93.0,1,TV
a1324,v21,m1,2025-07-20,172.2,1,Mobile
a1325,v28,m1,2025-03-26,73.0,0,Web
a1326,v128,m2,2025-03-19,168.6,1,Web
a1327,v6,m6,2025-05-31,49.4,0,Web
a1328,v34,m5,2025-08-31,58.1,0,Mobile
a1329,v6,m6,2025-05-30,30.6,0,TV
a1330,v86,m5,2025-07-30,83.7,0,Web
a1331,v84,m6,2025-09-06,64.0,0,Web
a1332,v141,m5,2025-08-16,70.4,0,Web
a1333,v79,m2,2025-03-29,154.9,1,TV
a1334,v96,m4,2025-05-28,78.5,0,TV
a1335,v91,m2,2025-05-26,101.7,1,TV
a1336,v74,m5,2025-04-04,127.1,1,Web
a1337,v40,m6,2025-03-24,34.6,0,TV
a1338,v148,m3,2025-03-06,68.5,0,Mobile
a1339,v53,m2,2025-10-15,141.8,1,Web
a1340,v89,m3,2025-03-17,61.0,0,Web
a1341,v137,m2,2025-06-04,48.4,0,TV
a1342,v118,m2,2025-06-13,53.9,0,Web
a1343,v130,m5,2025-06-19,91.2,1,Mobile
a1344,v75,m4,2025-10-21,70.0,0,Web
a1345,v114,m6,2025-06-23,71.9,0,Web
a1346,v11,m4,2025-03-13,70.9,0,TV
a1347,v7,m3,2025-07-25,87.9,1,TV
a1348,v50,m1,2025-10-26,113.0,1,Mobile
a1349,v6,m2,2025-02-12,114.9,1,Mobile
a1350,v23,m6,2025-09-20,47.5,0,Mobile
a1351,v131,m3,2025-01-29,119.9,1,Mobile
a1352,v38,m4,2025-08-07,45.5,0,Mobile
a1353,v73,m1,2025-06-26,85.0,0,Mobile
a1354,v114,m6,2025-08-01,81.3,0,Mobile
a1355,v109,m2,2025-08-01,51.3,0,Web
a1356,v23,m5,2025-03-15,42.9,0,Mobile
a1357,v135,m7,2025-06-21,27.3,0,Web
a1358,v97,m7,2025-02-15,20.7,0,Web
a1359,v107,m3,2025-03-31,81.1,0,Web
a1360,v48,m2,2025-07-15,75.2,0,Mobile
a1361,v78,m1,2025-10-27,77.5,0,Web
a1362,v119,m6,2025-04-25,17.2,0,TV
a1363,v68,m2,2025-06-03,181.5,1,Web
a1364,v32,m4,2025-12-01,69.9,0,Mobile
a1365,v46,m4,2025-09-09,89.8,1,Web
a1366,v127,m3,2025-02-04,85.9,1,Mobile
a1367,v124,m5,2025-10-17,68.0,0,Mobile
a1368,v122,m6,2025-12-22,82.5,0,Mobile
a1369,v148,m5,2025-01-09,113.0,1,TV
a1370,v15,m5,2025-03-16,55.2,0,Web
a1371,v92,m2,2025-03-25,37.4,0,Mobile
a1372,v13,m3,2025-05-29,52.1,0,Web
a1373,v132,m1,2025-04-10,151.2,1,TV
a1374,v25,m7,2025-11-03,102.8,1,Web
a1375,v81,m3,2025-12-17,108.0,1,Mobile
a1376,v93,m6,2025-02-19,59.1,0,Mobile
a1377,v37,m7,2025-01-07,35.1,0,Mobile
a1378,v42,m3,2025-02-22,44.0,0,Web
a1379,v49,m2,2025-10-14,126.8,1,Web
a1380,v137,m7,2025-12-31,80.6,0,TV
a1381,v118,m4,2025-02-09,24.6,0,TV
a1382,v123,m1,2025-06-28,78.7,0,Mobile
a1383,v114,m2,2025-11-02,112.4,1,Mobile
a1384,v31,m6,2025-04-24,25.6,0,Web
a1385,v59,m2,2025-06-07,49.0,0,TV
a1386,v109,m1,2025-12-20,150.7,1,TV
a1387,v5,m1,2025-09-05,149.8,1,TV
a1388,v28,m2,2025-01-17,155.5,1,Web
a1389,v16,m5,2025-08-29,33.1,0,Mobile
a1390,v25,m1,2025-03-05,175.8,1,TV
a1391,v52,m5,2025-04-05,93.8,1,TV
a1392,v38,m1,2025-05-23,180.3,1,Mobile
a1393,v42,m3,2025-09-14,105.9,1,Web
a1394,v130,m2,2025-10-19,39.9,0,Web
a1395,v4,m7,2025-09-28,43.9,0,TV
a1396,v138,m7,2025-01-03,127.1,1,TV
a1397,v130,m2,2025-12-29,104.7,1,Web
a1398,v48,m5,2025-08-14,94.1,1,TV
a1399,v91,m2,2025-07-14,96.6,1,Web
a1400,v105,m2,2025-02-27,150.4,1,Mobile
